file_path,label,pred
/Users/graham/Documents/Dissertation/Data/blockagedetection_dataset/images/Devon_BarnstapleConeyGut_Scree/clear/2022_04_13_08_37.jpg,0,clear
/Users/graham/Documents/Dissertation/Data/blockagedetection_dataset/images/Cornwall_TamertonFoliot/blocked/2022_05_05_18_59.jpg,1,blocked
/Users/graham/Documents/Dissertation/Data/blockagedetection_dataset/images/Cornwall_BudeCedarGrove/clear/2022_03_21_07_03.jpg,0,clear
/Users/graham/Documents/Dissertation/Data/blockagedetection_dataset/images/sites_corsham_cam1/blocked/2022_03_31_09_59.jpg,1,blocked
/Users/graham/Documents/Dissertation/Data/blockagedetection_dataset/images/sites_corsham_cam1/blocked/2022_04_09_06_59.jpg,1,clear
/Users/graham/Documents/Dissertation/Data/blockagedetection_dataset/images/Cornwall_Mevagissey_PreScree/clear/2022_04_07_13_57.jpg,0,clear
/Users/graham/Documents/Dissertation/Data/blockagedetection_dataset/images/sites_corsham_cam1/blocked/2022_03_27_12_00.jpg,1,blocked
/Users/graham/Documents/Dissertation/Data/blockagedetection_dataset/images/sites_sheptonmallet_cam2/blocked/2022_04_07_15_30.jpg,1,clear
/Users/graham/Documents/Dissertation/Data/blockagedetection_dataset/images/Cornwall_Portreath/blocked/2022_04_14_12_59.jpg,1,clear
/Users/graham/Documents/Dissertation/Data/blockagedetection_dataset/images/Cornwall_PorthlevenScree/blocked/2022_03_26_14_59.jpg,1,blocked
/Users/graham/Documents/Dissertation/Data/blockagedetection_dataset/images/sites_corsham_cam1/blocked/2022_04_07_18_58.jpg,1,clear
/Users/graham/Documents/Dissertation/Data/blockagedetection_dataset/images/sites_corsham_cam1/clear/2022_04_16_06_55.jpg,0,blocked
/Users/graham/Documents/Dissertation/Data/blockagedetection_dataset/images/sites_corsham_cam1/blocked/2022_03_21_10_00.jpg,1,blocked
/Users/graham/Documents/Dissertation/Data/blockagedetection_dataset/images/Devon_BarnstapleConeyGut_Scree/clear/2022_04_23_05_58.jpg,0,clear
/Users/graham/Documents/Dissertation/Data/blockagedetection_dataset/images/sites_sheptonmallet_cam2/clear/2022_04_17_08_30.jpg,0,clear
/Users/graham/Documents/Dissertation/Data/blockagedetection_dataset/images/Cornwall_KingsandCP/blocked/2022_05_08_07_59.jpg,1,blocked
/Users/graham/Documents/Dissertation/Data/blockagedetection_dataset/images/Cornwall_Portreath/blocked/2022_04_17_13_59.jpg,1,clear
/Users/graham/Documents/Dissertation/Data/blockagedetection_dataset/images/Cornwall_PlymptonChaddlewood_MainScree/clear/2022_03_20_08_52.jpg,0,clear
/Users/graham/Documents/Dissertation/Data/blockagedetection_dataset/images/Devon_LympstoneScree/clear/2022_04_12_09_59.jpg,0,clear
/Users/graham/Documents/Dissertation/Data/blockagedetection_dataset/images/Cornwall_PorthlevenScree/blocked/2022_03_31_11_59.jpg,1,blocked
/Users/graham/Documents/Dissertation/Data/blockagedetection_dataset/images/Cornwall_KingsandCP/blocked/2022_05_05_12_59.jpg,1,blocked
/Users/graham/Documents/Dissertation/Data/blockagedetection_dataset/images/Cornwall_PorthlevenScree/blocked/2022_04_03_09_59.jpg,1,blocked
/Users/graham/Documents/Dissertation/Data/blockagedetection_dataset/images/Devon_BarnstapleConeyGut_Scree/blocked/2022_03_25_07_38.jpg,1,blocked
/Users/graham/Documents/Dissertation/Data/blockagedetection_dataset/images/sites_corsham_cam1/blocked/2022_03_26_06_59.jpg,1,blocked
/Users/graham/Documents/Dissertation/Data/blockagedetection_dataset/images/Cornwall_Portreath/blocked/2022_04_17_17_59.jpg,1,clear
/Users/graham/Documents/Dissertation/Data/blockagedetection_dataset/images/sites_pilloutfall_cam1/blocked/2022_04_06_08_50.jpg,1,blocked
/Users/graham/Documents/Dissertation/Data/blockagedetection_dataset/images/sites_pilloutfall_cam1/blocked/2022_04_06_12_50.jpg,1,blocked
/Users/graham/Documents/Dissertation/Data/blockagedetection_dataset/images/sites_corsham_cam1/blocked/2022_03_20_08_59.jpg,1,blocked
/Users/graham/Documents/Dissertation/Data/blockagedetection_dataset/images/Cornwall_Portreath/clear/2022_04_21_11_59.jpg,0,clear
/Users/graham/Documents/Dissertation/Data/blockagedetection_dataset/images/sites_corsham_cam1/clear/2022_04_17_15_58.jpg,0,clear
/Users/graham/Documents/Dissertation/Data/blockagedetection_dataset/images/Cornwall_PenzanceCC/blocked/2022_04_06_16_59.jpg,1,clear
/Users/graham/Documents/Dissertation/Data/blockagedetection_dataset/images/Cornwall_KingsandCP/blocked/2022_05_05_04_59.jpg,1,blocked
/Users/graham/Documents/Dissertation/Data/blockagedetection_dataset/images/Cornwall_Mevagissey_PreScree/clear/2022_05_03_10_56.jpg,0,clear
/Users/graham/Documents/Dissertation/Data/blockagedetection_dataset/images/Cornwall_KingsandCP/blocked/2022_04_11_17_59.jpg,1,clear
/Users/graham/Documents/Dissertation/Data/blockagedetection_dataset/images/Cornwall_Portreath/clear/2022_04_02_09_59.jpg,0,clear
/Users/graham/Documents/Dissertation/Data/blockagedetection_dataset/images/Cornwall_Portreath/clear/2022_05_03_11_59.jpg,0,clear
/Users/graham/Documents/Dissertation/Data/blockagedetection_dataset/images/sites_pilloutfall_cam1/blocked/2022_04_17_06_50.jpg,1,blocked
/Users/graham/Documents/Dissertation/Data/blockagedetection_dataset/images/sites_corsham_cam1/blocked/2022_03_24_07_55.jpg,1,blocked
/Users/graham/Documents/Dissertation/Data/blockagedetection_dataset/images/Cornwall_Portreath/clear/2022_04_07_18_59.jpg,0,clear
/Users/graham/Documents/Dissertation/Data/blockagedetection_dataset/images/sites_sheptonmallet_cam2/clear/2022_03_31_08_30.jpg,0,clear
/Users/graham/Documents/Dissertation/Data/blockagedetection_dataset/images/sites_corsham_cam1/clear/2022_04_15_16_58.jpg,0,blocked
/Users/graham/Documents/Dissertation/Data/blockagedetection_dataset/images/Devon_LympstoneScree/blocked/2022_03_25_14_59.jpg,1,blocked
/Users/graham/Documents/Dissertation/Data/blockagedetection_dataset/images/sites_ashtoncollitersbrooksplitter_cam2/blocked/2022_03_31_15_00.jpg,1,blocked
/Users/graham/Documents/Dissertation/Data/blockagedetection_dataset/images/Devon_BarnstapleConeyGut_Scree/blocked/2022_03_25_10_39.jpg,1,clear
/Users/graham/Documents/Dissertation/Data/blockagedetection_dataset/images/Cornwall_Mevagissey_PreScree/clear/2022_05_04_19_59.jpg,0,clear
/Users/graham/Documents/Dissertation/Data/blockagedetection_dataset/images/sites_pilloutfall_cam1/clear/2022_04_08_08_50.jpg,0,clear
/Users/graham/Documents/Dissertation/Data/blockagedetection_dataset/images/Cornwall_Mevagissey_PreScree/clear/2022_04_06_17_55.jpg,0,clear
/Users/graham/Documents/Dissertation/Data/blockagedetection_dataset/images/Cornwall_Mevagissey_PreScree/blocked/2022_03_26_09_55.jpg,1,clear
/Users/graham/Documents/Dissertation/Data/blockagedetection_dataset/images/Devon_BarnstapleConeyGut_Scree/blocked/2022_03_21_15_57.jpg,1,clear
/Users/graham/Documents/Dissertation/Data/blockagedetection_dataset/images/Cornwall_BudeCedarGrove/clear/2022_03_29_09_03.jpg,0,clear
/Users/graham/Documents/Dissertation/Data/blockagedetection_dataset/images/Cornwall_BudeCedarGrove/clear/2022_04_01_06_03.jpg,0,clear
/Users/graham/Documents/Dissertation/Data/blockagedetection_dataset/images/Devon_BarnstapleConeyGut_Scree/clear/2022_04_05_05_38.jpg,0,clear
/Users/graham/Documents/Dissertation/Data/blockagedetection_dataset/images/Cornwall_BudeCedarGrove/clear/2022_03_27_11_03.jpg,0,clear
/Users/graham/Documents/Dissertation/Data/blockagedetection_dataset/images/Cornwall_PlymptonChaddlewood_MainScree/blocked/2022_04_12_13_50.jpg,1,blocked
/Users/graham/Documents/Dissertation/Data/blockagedetection_dataset/images/Cornwall_BudeCedarGrove/blocked/2022_04_13_10_03.jpg,1,blocked
/Users/graham/Documents/Dissertation/Data/blockagedetection_dataset/images/sites_pilloutfall_cam1/blocked/2022_03_31_16_50.jpg,1,clear
/Users/graham/Documents/Dissertation/Data/blockagedetection_dataset/images/Cornwall_Crinnis/blocked/2022_04_13_09_11.jpg,1,blocked
/Users/graham/Documents/Dissertation/Data/blockagedetection_dataset/images/sites_corsham_cam1/blocked/2022_03_31_17_58.jpg,1,blocked
/Users/graham/Documents/Dissertation/Data/blockagedetection_dataset/images/Cornwall_PenzanceCC/clear/2022_03_28_15_59.jpg,0,clear
/Users/graham/Documents/Dissertation/Data/blockagedetection_dataset/images/sites_sheptonmallet_cam2/blocked/2022_04_08_07_50.jpg,1,blocked
/Users/graham/Documents/Dissertation/Data/blockagedetection_dataset/images/Cornwall_PorthlevenScree/clear/2022_05_06_08_59.jpg,0,blocked
/Users/graham/Documents/Dissertation/Data/blockagedetection_dataset/images/sites_corsham_cam1/blocked/2022_04_09_09_59.jpg,1,clear
/Users/graham/Documents/Dissertation/Data/blockagedetection_dataset/images/Cornwall_BudeCedarGrove/clear/2022_04_01_18_03.jpg,0,clear
/Users/graham/Documents/Dissertation/Data/blockagedetection_dataset/images/Devon_BarnstapleConeyGut_Scree/blocked/2022_05_02_11_40.jpg,1,clear
/Users/graham/Documents/Dissertation/Data/blockagedetection_dataset/images/sites_corsham_cam1/clear/2022_04_05_08_09.jpg,0,clear
/Users/graham/Documents/Dissertation/Data/blockagedetection_dataset/images/sites_pilloutfall_cam1/blocked/2022_04_18_06_50.jpg,1,blocked
/Users/graham/Documents/Dissertation/Data/blockagedetection_dataset/images/Devon_BarnstapleConeyGut_Scree/clear/2022_04_21_14_40.jpg,0,clear
/Users/graham/Documents/Dissertation/Data/blockagedetection_dataset/images/Devon_BarnstapleConeyGut_Scree/blocked/2022_03_24_17_33.jpg,1,clear
/Users/graham/Documents/Dissertation/Data/blockagedetection_dataset/images/Cornwall_Portreath/clear/2022_05_02_13_59.jpg,0,clear
/Users/graham/Documents/Dissertation/Data/blockagedetection_dataset/images/Cornwall_Mevagissey_PreScree/clear/2022_05_05_11_55.jpg,0,clear
/Users/graham/Documents/Dissertation/Data/blockagedetection_dataset/images/Cornwall_BudeCedarGrove/clear/2022_03_22_14_03.jpg,0,clear
/Users/graham/Documents/Dissertation/Data/blockagedetection_dataset/images/sites_pilloutfall_cam1/clear/2022_04_09_17_50.jpg,0,clear
/Users/graham/Documents/Dissertation/Data/blockagedetection_dataset/images/Cornwall_Portreath/blocked/2022_04_18_18_59.jpg,1,blocked
/Users/graham/Documents/Dissertation/Data/blockagedetection_dataset/images/Devon_BarnstapleConeyGut_Scree/clear/2022_04_19_11_47.jpg,0,clear
/Users/graham/Documents/Dissertation/Data/blockagedetection_dataset/images/Devon_BarnstapleConeyGut_Scree/clear/2022_03_31_11_47.jpg,0,clear
/Users/graham/Documents/Dissertation/Data/blockagedetection_dataset/images/Cornwall_PorthlevenScree/clear/2022_04_07_13_59.jpg,0,clear
/Users/graham/Documents/Dissertation/Data/blockagedetection_dataset/images/Cornwall_PlymptonChaddlewood_MainScree/clear/2022_03_23_11_59.jpg,0,clear
/Users/graham/Documents/Dissertation/Data/blockagedetection_dataset/images/sites_pilloutfall_cam1/blocked/2022_03_31_11_50.jpg,1,blocked
/Users/graham/Documents/Dissertation/Data/blockagedetection_dataset/images/sites_corsham_cam1/blocked/2022_03_31_11_00.jpg,1,blocked
/Users/graham/Documents/Dissertation/Data/blockagedetection_dataset/images/sites_corsham_cam1/clear/2022_04_06_08_13.jpg,0,clear
/Users/graham/Documents/Dissertation/Data/blockagedetection_dataset/images/Cornwall_Portreath/clear/2022_04_21_18_59.jpg,0,clear
/Users/graham/Documents/Dissertation/Data/blockagedetection_dataset/images/Cornwall_BudeCedarGrove/blocked/2022_04_07_17_03.jpg,1,blocked
/Users/graham/Documents/Dissertation/Data/blockagedetection_dataset/images/Cornwall_BudeCedarGrove/clear/2022_04_01_09_03.jpg,0,clear
/Users/graham/Documents/Dissertation/Data/blockagedetection_dataset/images/sites_brutondam_cam1/blocked/2022_04_08_09_02.jpg,1,blocked
/Users/graham/Documents/Dissertation/Data/blockagedetection_dataset/images/Cornwall_Mevagissey_PreScree/clear/2022_04_04_18_58.jpg,0,clear
/Users/graham/Documents/Dissertation/Data/blockagedetection_dataset/images/Cornwall_Portreath/blocked/2022_04_05_12_59.jpg,1,clear
/Users/graham/Documents/Dissertation/Data/blockagedetection_dataset/images/Devon_BarnstapleConeyGut_Scree/clear/2022_04_25_07_51.jpg,0,clear
/Users/graham/Documents/Dissertation/Data/blockagedetection_dataset/images/Cornwall_KingsandCP/clear/2022_04_22_17_59.jpg,0,blocked
/Users/graham/Documents/Dissertation/Data/blockagedetection_dataset/images/Devon_BarnstapleConeyGut_Scree/clear/2022_03_29_14_55.jpg,0,clear
/Users/graham/Documents/Dissertation/Data/blockagedetection_dataset/images/Cornwall_Mevagissey_PreScree/blocked/2022_03_30_13_58.jpg,1,clear
/Users/graham/Documents/Dissertation/Data/blockagedetection_dataset/images/Cornwall_TamertonFoliot/blocked/2022_04_21_13_59.jpg,1,blocked
/Users/graham/Documents/Dissertation/Data/blockagedetection_dataset/images/sites_corsham_cam1/clear/2022_04_06_07_59.jpg,0,clear
/Users/graham/Documents/Dissertation/Data/blockagedetection_dataset/images/sites_sheptonmallet_cam2/clear/2022_04_18_19_10.jpg,0,clear
/Users/graham/Documents/Dissertation/Data/blockagedetection_dataset/images/sites_sheptonmallet_cam2/clear/2022_04_03_14_10.jpg,0,clear
/Users/graham/Documents/Dissertation/Data/blockagedetection_dataset/images/Cornwall_Portreath/clear/2022_04_07_05_59.jpg,0,clear
/Users/graham/Documents/Dissertation/Data/blockagedetection_dataset/images/sites_corsham_cam1/clear/2022_04_18_05_59.jpg,0,clear
/Users/graham/Documents/Dissertation/Data/blockagedetection_dataset/images/Devon_BarnstapleConeyGut_Scree/blocked/2022_05_05_18_47.jpg,1,clear
/Users/graham/Documents/Dissertation/Data/blockagedetection_dataset/images/sites_ashtoncollitersbrooksplitter_cam2/clear/2022_04_17_09_00.jpg,0,clear
/Users/graham/Documents/Dissertation/Data/blockagedetection_dataset/images/Cornwall_PorthlevenScree/clear/2022_05_05_14_59.jpg,0,blocked
/Users/graham/Documents/Dissertation/Data/blockagedetection_dataset/images/Cornwall_Portreath/clear/2022_04_01_15_59.jpg,0,clear
/Users/graham/Documents/Dissertation/Data/blockagedetection_dataset/images/sites_brutondam_cam1/clear/2022_04_10_14_05.jpg,0,blocked
/Users/graham/Documents/Dissertation/Data/blockagedetection_dataset/images/Devon_LympstoneScree/blocked/2022_04_08_11_59.jpg,1,clear
/Users/graham/Documents/Dissertation/Data/blockagedetection_dataset/images/sites_sheptonmallet_cam2/clear/2022_04_02_09_50.jpg,0,clear
/Users/graham/Documents/Dissertation/Data/blockagedetection_dataset/images/Devon_LympstoneScree/blocked/2022_04_04_17_59.jpg,1,clear
/Users/graham/Documents/Dissertation/Data/blockagedetection_dataset/images/Devon_BarnstapleConeyGut_Scree/blocked/2022_05_05_04_39.jpg,1,clear
/Users/graham/Documents/Dissertation/Data/blockagedetection_dataset/images/Cornwall_Mevagissey_PreScree/clear/2022_04_08_07_00.jpg,0,clear
/Users/graham/Documents/Dissertation/Data/blockagedetection_dataset/images/Devon_BarnstapleConeyGut_Scree/blocked/2022_05_09_07_56.jpg,1,clear
/Users/graham/Documents/Dissertation/Data/blockagedetection_dataset/images/sites_sheptonmallet_cam2/clear/2022_03_30_12_50.jpg,0,clear
/Users/graham/Documents/Dissertation/Data/blockagedetection_dataset/images/Cornwall_Portreath/blocked/2022_04_04_10_59.jpg,1,clear
/Users/graham/Documents/Dissertation/Data/blockagedetection_dataset/images/Cornwall_BudeCedarGrove/blocked/2022_04_13_11_03.jpg,1,blocked
/Users/graham/Documents/Dissertation/Data/blockagedetection_dataset/images/Cornwall_Mevagissey_PreScree/blocked/2022_03_22_10_54.jpg,1,blocked
/Users/graham/Documents/Dissertation/Data/blockagedetection_dataset/images/Cornwall_TamertonFoliot/clear/2022_04_13_11_59.jpg,0,clear
/Users/graham/Documents/Dissertation/Data/blockagedetection_dataset/images/Cornwall_BudeCedarGrove/clear/2022_04_03_08_03.jpg,0,clear
/Users/graham/Documents/Dissertation/Data/blockagedetection_dataset/images/Cornwall_Portreath/blocked/2022_04_05_16_59.jpg,1,clear
/Users/graham/Documents/Dissertation/Data/blockagedetection_dataset/images/Cornwall_Mevagissey_PreScree/blocked/2022_03_26_18_57.jpg,1,clear
/Users/graham/Documents/Dissertation/Data/blockagedetection_dataset/images/Cornwall_PorthlevenScree/blocked/2022_03_23_07_59.jpg,1,blocked
/Users/graham/Documents/Dissertation/Data/blockagedetection_dataset/images/Cornwall_Portreath/clear/2022_04_02_06_59.jpg,0,clear
/Users/graham/Documents/Dissertation/Data/blockagedetection_dataset/images/Devon_BarnstapleConeyGut_Scree/blocked/2022_03_24_16_32.jpg,1,clear
/Users/graham/Documents/Dissertation/Data/blockagedetection_dataset/images/Cornwall_Mevagissey_PreScree/blocked/2022_03_25_13_59.jpg,1,blocked
/Users/graham/Documents/Dissertation/Data/blockagedetection_dataset/images/sites_ashtoncollitersbrooksplitter_cam2/blocked/2022_04_07_13_00.jpg,1,clear
/Users/graham/Documents/Dissertation/Data/blockagedetection_dataset/images/sites_corsham_cam1/clear/2022_04_04_13_58.jpg,0,clear
/Users/graham/Documents/Dissertation/Data/blockagedetection_dataset/images/Cornwall_PenzanceCC/blocked/2022_04_07_15_59.jpg,1,blocked
/Users/graham/Documents/Dissertation/Data/blockagedetection_dataset/images/Cornwall_Mevagissey_PreScree/clear/2022_04_01_17_57.jpg,0,clear
/Users/graham/Documents/Dissertation/Data/blockagedetection_dataset/images/Devon_BarnstapleConeyGut_Scree/clear/2022_03_30_13_36.jpg,0,clear
/Users/graham/Documents/Dissertation/Data/blockagedetection_dataset/images/sites_sistontunnel_cam1/clear/2022_03_25_10_02.jpg,0,clear
/Users/graham/Documents/Dissertation/Data/blockagedetection_dataset/images/Cornwall_Mevagissey_PreScree/blocked/2022_03_22_16_57.jpg,1,clear
/Users/graham/Documents/Dissertation/Data/blockagedetection_dataset/images/Cornwall_Mevagissey_PreScree/clear/2022_04_17_12_56.jpg,0,clear
/Users/graham/Documents/Dissertation/Data/blockagedetection_dataset/images/sites_corsham_cam1/clear/2022_04_14_05_57.jpg,0,clear
/Users/graham/Documents/Dissertation/Data/blockagedetection_dataset/images/Cornwall_PenzanceCC/blocked/2022_04_07_13_59.jpg,1,clear
/Users/graham/Documents/Dissertation/Data/blockagedetection_dataset/images/Devon_BarnstapleConeyGut_Scree/blocked/2022_03_23_11_48.jpg,1,clear
/Users/graham/Documents/Dissertation/Data/blockagedetection_dataset/images/sites_ashtoncollitersbrooksplitter_cam2/blocked/2022_03_21_13_00.jpg,1,blocked
/Users/graham/Documents/Dissertation/Data/blockagedetection_dataset/images/Cornwall_Portreath/blocked/2022_04_04_14_59.jpg,1,clear
/Users/graham/Documents/Dissertation/Data/blockagedetection_dataset/images/sites_pilloutfall_cam1/blocked/2022_04_05_13_50.jpg,1,blocked
/Users/graham/Documents/Dissertation/Data/blockagedetection_dataset/images/Cornwall_BudeCedarGrove/clear/2022_04_03_15_03.jpg,0,blocked
/Users/graham/Documents/Dissertation/Data/blockagedetection_dataset/images/Cornwall_Mevagissey_PreScree/blocked/2022_03_22_09_58.jpg,1,blocked
/Users/graham/Documents/Dissertation/Data/blockagedetection_dataset/images/sites_sheptonmallet_cam2/blocked/2022_04_08_11_10.jpg,1,blocked
/Users/graham/Documents/Dissertation/Data/blockagedetection_dataset/images/Devon_BarnstapleConeyGut_Scree/blocked/2022_03_24_06_57.jpg,1,clear
/Users/graham/Documents/Dissertation/Data/blockagedetection_dataset/images/Devon_BarnstapleConeyGut_Scree/clear/2022_04_03_05_46.jpg,0,clear
/Users/graham/Documents/Dissertation/Data/blockagedetection_dataset/images/Devon_BarnstapleConeyGut_Scree/blocked/2022_03_21_10_26.jpg,1,clear
/Users/graham/Documents/Dissertation/Data/blockagedetection_dataset/images/sites_pilloutfall_cam1/blocked/2022_04_05_12_50.jpg,1,blocked
/Users/graham/Documents/Dissertation/Data/blockagedetection_dataset/images/sites_pilloutfall_cam1/blocked/2022_04_05_09_50.jpg,1,blocked
/Users/graham/Documents/Dissertation/Data/blockagedetection_dataset/images/sites_sistontunnel_cam1/blocked/2022_04_07_13_06.jpg,1,blocked
/Users/graham/Documents/Dissertation/Data/blockagedetection_dataset/images/Cornwall_PorthlevenScree/clear/2022_04_22_11_59.jpg,0,blocked
/Users/graham/Documents/Dissertation/Data/blockagedetection_dataset/images/Devon_LympstoneScree/clear/2022_04_12_13_59.jpg,0,clear
/Users/graham/Documents/Dissertation/Data/blockagedetection_dataset/images/sites_ashtoncollitersbrooksplitter_cam2/blocked/2022_03_31_08_00.jpg,1,blocked
/Users/graham/Documents/Dissertation/Data/blockagedetection_dataset/images/Cornwall_TamertonFoliot/blocked/2022_05_05_11_59.jpg,1,clear
/Users/graham/Documents/Dissertation/Data/blockagedetection_dataset/images/Cornwall_Portreath/clear/2022_04_03_10_59.jpg,0,clear
/Users/graham/Documents/Dissertation/Data/blockagedetection_dataset/images/sites_corsham_cam1/blocked/2022_04_11_15_58.jpg,1,clear
/Users/graham/Documents/Dissertation/Data/blockagedetection_dataset/images/Cornwall_Portreath/blocked/2022_04_20_09_59.jpg,1,blocked
/Users/graham/Documents/Dissertation/Data/blockagedetection_dataset/images/Cornwall_Mevagissey_PreScree/blocked/2022_03_22_15_00.jpg,1,clear
/Users/graham/Documents/Dissertation/Data/blockagedetection_dataset/images/sites_corsham_cam1/clear/2022_04_01_13_58.jpg,0,clear
/Users/graham/Documents/Dissertation/Data/blockagedetection_dataset/images/sites_sheptonmallet_cam2/blocked/2022_04_07_13_10.jpg,1,blocked
/Users/graham/Documents/Dissertation/Data/blockagedetection_dataset/images/Cornwall_Mevagissey_PreScree/clear/2022_04_03_16_59.jpg,0,clear
/Users/graham/Documents/Dissertation/Data/blockagedetection_dataset/images/Cornwall_PlymptonChaddlewood_MainScree/clear/2022_03_31_10_56.jpg,0,clear
/Users/graham/Documents/Dissertation/Data/blockagedetection_dataset/images/Cornwall_BudeCedarGrove/clear/2022_05_06_10_03.jpg,0,clear
/Users/graham/Documents/Dissertation/Data/blockagedetection_dataset/images/Cornwall_TamertonFoliot/clear/2022_04_14_10_59.jpg,0,clear
/Users/graham/Documents/Dissertation/Data/blockagedetection_dataset/images/Cornwall_Crinnis/clear/2022_05_05_11_12.jpg,0,clear
/Users/graham/Documents/Dissertation/Data/blockagedetection_dataset/images/Cornwall_WadebridgePolmorla/clear/2022_04_21_17_00.jpg,0,blocked
/Users/graham/Documents/Dissertation/Data/blockagedetection_dataset/images/Cornwall_Mevagissey_PreScree/blocked/2022_03_30_15_55.jpg,1,clear
/Users/graham/Documents/Dissertation/Data/blockagedetection_dataset/images/Cornwall_PorthlevenScree/blocked/2022_03_23_16_59.jpg,1,blocked
/Users/graham/Documents/Dissertation/Data/blockagedetection_dataset/images/sites_brutondam_cam1/clear/2022_04_18_10_05.jpg,0,blocked
/Users/graham/Documents/Dissertation/Data/blockagedetection_dataset/images/Cornwall_PlymptonChaddlewood_MainScree/clear/2022_04_01_17_53.jpg,0,clear
/Users/graham/Documents/Dissertation/Data/blockagedetection_dataset/images/sites_ashtoncollitersbrooksplitter_cam2/blocked/2022_04_07_18_00.jpg,1,blocked
/Users/graham/Documents/Dissertation/Data/blockagedetection_dataset/images/Devon_BarnstapleConeyGut_Scree/clear/2022_04_13_10_38.jpg,0,clear
/Users/graham/Documents/Dissertation/Data/blockagedetection_dataset/images/sites_ashtoncollitersbrooksplitter_cam2/clear/2022_04_08_14_00.jpg,0,clear
/Users/graham/Documents/Dissertation/Data/blockagedetection_dataset/images/Cornwall_PlymptonChaddlewood_MainScree/clear/2022_04_22_12_51.jpg,0,clear
/Users/graham/Documents/Dissertation/Data/blockagedetection_dataset/images/sites_corsham_cam1/blocked/2022_03_21_13_58.jpg,1,blocked
/Users/graham/Documents/Dissertation/Data/blockagedetection_dataset/images/Cornwall_Portreath/blocked/2022_04_18_11_59.jpg,1,blocked
/Users/graham/Documents/Dissertation/Data/blockagedetection_dataset/images/Cornwall_PlymptonChaddlewood_MainScree/blocked/2022_04_07_14_58.jpg,1,blocked
/Users/graham/Documents/Dissertation/Data/blockagedetection_dataset/images/Cornwall_KingsandCP/blocked/2022_05_09_07_28.jpg,1,blocked
/Users/graham/Documents/Dissertation/Data/blockagedetection_dataset/images/Cornwall_Mevagissey_PreScree/clear/2022_03_31_14_00.jpg,0,clear
/Users/graham/Documents/Dissertation/Data/blockagedetection_dataset/images/Devon_LympstoneScree/blocked/2022_03_21_17_59.jpg,1,clear
/Users/graham/Documents/Dissertation/Data/blockagedetection_dataset/images/sites_corsham_cam1/blocked/2022_03_28_07_59.jpg,1,blocked
/Users/graham/Documents/Dissertation/Data/blockagedetection_dataset/images/Devon_BarnstapleConeyGut_Scree/blocked/2022_03_20_15_46.jpg,1,clear
/Users/graham/Documents/Dissertation/Data/blockagedetection_dataset/images/Cornwall_Portreath/clear/2022_05_05_04_59.jpg,0,clear
/Users/graham/Documents/Dissertation/Data/blockagedetection_dataset/images/sites_sheptonmallet_cam2/blocked/2022_04_08_06_30.jpg,1,clear
/Users/graham/Documents/Dissertation/Data/blockagedetection_dataset/images/Cornwall_Crinnis/blocked/2022_04_13_06_11.jpg,1,blocked
/Users/graham/Documents/Dissertation/Data/blockagedetection_dataset/images/Cornwall_PenzanceCC/blocked/2022_04_06_09_59.jpg,1,clear
/Users/graham/Documents/Dissertation/Data/blockagedetection_dataset/images/Cornwall_TamertonFoliot/clear/2022_04_17_05_59.jpg,0,clear
/Users/graham/Documents/Dissertation/Data/blockagedetection_dataset/images/sites_corsham_cam1/clear/2022_04_18_09_59.jpg,0,clear
/Users/graham/Documents/Dissertation/Data/blockagedetection_dataset/images/sites_corsham_cam1/blocked/2022_03_22_16_58.jpg,1,blocked
/Users/graham/Documents/Dissertation/Data/blockagedetection_dataset/images/Cornwall_TamertonFoliot/blocked/2022_04_23_06_59.jpg,1,blocked
/Users/graham/Documents/Dissertation/Data/blockagedetection_dataset/images/Cornwall_BudeCedarGrove/clear/2022_05_06_18_03.jpg,0,clear
/Users/graham/Documents/Dissertation/Data/blockagedetection_dataset/images/Devon_BarnstapleConeyGut_Scree/blocked/2022_03_22_06_34.jpg,1,clear
/Users/graham/Documents/Dissertation/Data/blockagedetection_dataset/images/sites_corsham_cam1/blocked/2022_03_27_14_58.jpg,1,blocked
/Users/graham/Documents/Dissertation/Data/blockagedetection_dataset/images/sites_pilloutfall_cam1/clear/2022_03_25_15_50.jpg,0,clear
/Users/graham/Documents/Dissertation/Data/blockagedetection_dataset/images/Devon_BarnstapleConeyGut_Scree/clear/2022_03_30_09_04.jpg,0,clear
/Users/graham/Documents/Dissertation/Data/blockagedetection_dataset/images/Cornwall_KingsandCP/blocked/2022_04_06_17_59.jpg,1,blocked
/Users/graham/Documents/Dissertation/Data/blockagedetection_dataset/images/sites_corsham_cam1/blocked/2022_03_25_09_59.jpg,1,blocked
/Users/graham/Documents/Dissertation/Data/blockagedetection_dataset/images/sites_corsham_cam1/blocked/2022_04_11_05_55.jpg,1,blocked
/Users/graham/Documents/Dissertation/Data/blockagedetection_dataset/images/sites_corsham_cam1/blocked/2022_03_22_11_00.jpg,1,blocked
/Users/graham/Documents/Dissertation/Data/blockagedetection_dataset/images/Devon_LympstoneScree/clear/2022_04_13_09_59.jpg,0,clear
/Users/graham/Documents/Dissertation/Data/blockagedetection_dataset/images/Devon_LympstoneScree/blocked/2022_04_07_09_59.jpg,1,clear
/Users/graham/Documents/Dissertation/Data/blockagedetection_dataset/images/sites_corsham_cam1/clear/2022_04_01_12_00.jpg,0,clear
/Users/graham/Documents/Dissertation/Data/blockagedetection_dataset/images/sites_corsham_cam1/blocked/2022_03_26_12_00.jpg,1,blocked
/Users/graham/Documents/Dissertation/Data/blockagedetection_dataset/images/Cornwall_Mevagissey_PreScree/clear/2022_04_05_07_00.jpg,0,clear
/Users/graham/Documents/Dissertation/Data/blockagedetection_dataset/images/Cornwall_TamertonFoliot/blocked/2022_04_07_16_59.jpg,1,blocked
/Users/graham/Documents/Dissertation/Data/blockagedetection_dataset/images/Cornwall_TamertonFoliot/clear/2022_04_13_08_59.jpg,0,clear
/Users/graham/Documents/Dissertation/Data/blockagedetection_dataset/images/sites_pilloutfall_cam1/blocked/2022_04_06_05_50.jpg,1,blocked
/Users/graham/Documents/Dissertation/Data/blockagedetection_dataset/images/Cornwall_Portreath/clear/2022_04_03_14_59.jpg,0,clear
/Users/graham/Documents/Dissertation/Data/blockagedetection_dataset/images/Cornwall_TamertonFoliot/blocked/2022_04_01_10_59.jpg,1,clear
/Users/graham/Documents/Dissertation/Data/blockagedetection_dataset/images/Cornwall_Portreath/blocked/2022_04_13_16_59.jpg,1,clear
/Users/graham/Documents/Dissertation/Data/blockagedetection_dataset/images/sites_corsham_cam1/blocked/2022_03_25_07_59.jpg,1,blocked
/Users/graham/Documents/Dissertation/Data/blockagedetection_dataset/images/sites_corsham_cam1/blocked/2022_04_09_11_00.jpg,1,clear
/Users/graham/Documents/Dissertation/Data/blockagedetection_dataset/images/sites_ashtoncollitersbrooksplitter_cam2/blocked/2022_04_07_16_00.jpg,1,blocked
/Users/graham/Documents/Dissertation/Data/blockagedetection_dataset/images/sites_pilloutfall_cam1/clear/2022_04_13_08_50.jpg,0,clear
/Users/graham/Documents/Dissertation/Data/blockagedetection_dataset/images/Cornwall_Crinnis/clear/2022_03_20_08_10.jpg,0,clear
/Users/graham/Documents/Dissertation/Data/blockagedetection_dataset/images/Cornwall_BudeCedarGrove/clear/2022_03_21_17_03.jpg,0,clear
/Users/graham/Documents/Dissertation/Data/blockagedetection_dataset/images/sites_corsham_cam1/clear/2022_04_05_16_58.jpg,0,clear
/Users/graham/Documents/Dissertation/Data/blockagedetection_dataset/images/sites_pilloutfall_cam1/clear/2022_04_09_08_50.jpg,0,clear
/Users/graham/Documents/Dissertation/Data/blockagedetection_dataset/images/sites_pilloutfall_cam1/blocked/2022_04_16_12_50.jpg,1,blocked
/Users/graham/Documents/Dissertation/Data/blockagedetection_dataset/images/sites_sheptonmallet_cam2/blocked/2022_04_08_06_10.jpg,1,clear
/Users/graham/Documents/Dissertation/Data/blockagedetection_dataset/images/sites_corsham_cam1/clear/2022_04_13_11_38.jpg,0,clear
/Users/graham/Documents/Dissertation/Data/blockagedetection_dataset/images/Devon_BarnstapleConeyGut_Scree/clear/2022_04_04_12_31.jpg,0,clear
/Users/graham/Documents/Dissertation/Data/blockagedetection_dataset/images/Cornwall_PorthlevenScree/clear/2022_04_22_10_59.jpg,0,blocked
/Users/graham/Documents/Dissertation/Data/blockagedetection_dataset/images/sites_corsham_cam1/blocked/2022_03_27_16_58.jpg,1,blocked
/Users/graham/Documents/Dissertation/Data/blockagedetection_dataset/images/sites_corsham_cam1/clear/2022_04_02_16_58.jpg,0,clear
/Users/graham/Documents/Dissertation/Data/blockagedetection_dataset/images/sites_corsham_cam1/blocked/2022_03_29_17_58.jpg,1,blocked
/Users/graham/Documents/Dissertation/Data/blockagedetection_dataset/images/Cornwall_PorthlevenScree/clear/2022_05_06_15_59.jpg,0,blocked
/Users/graham/Documents/Dissertation/Data/blockagedetection_dataset/images/Cornwall_TamertonFoliot/clear/2022_04_17_09_59.jpg,0,clear
/Users/graham/Documents/Dissertation/Data/blockagedetection_dataset/images/Cornwall_Portreath/blocked/2022_04_20_18_59.jpg,1,blocked
/Users/graham/Documents/Dissertation/Data/blockagedetection_dataset/images/sites_corsham_cam1/blocked/2022_03_22_13_58.jpg,1,blocked
/Users/graham/Documents/Dissertation/Data/blockagedetection_dataset/images/Devon_BarnstapleConeyGut_Scree/clear/2022_03_31_13_48.jpg,0,clear
/Users/graham/Documents/Dissertation/Data/blockagedetection_dataset/images/sites_corsham_cam1/blocked/2022_04_08_16_58.jpg,1,clear
/Users/graham/Documents/Dissertation/Data/blockagedetection_dataset/images/sites_corsham_cam1/blocked/2022_03_21_12_00.jpg,1,blocked
/Users/graham/Documents/Dissertation/Data/blockagedetection_dataset/images/sites_corsham_cam1/blocked/2022_03_25_06_59.jpg,1,blocked
/Users/graham/Documents/Dissertation/Data/blockagedetection_dataset/images/Devon_BarnstapleConeyGut_Scree/clear/2022_04_20_04_54.jpg,0,clear
/Users/graham/Documents/Dissertation/Data/blockagedetection_dataset/images/Cornwall_Mevagissey_PreScree/blocked/2022_03_26_17_00.jpg,1,clear
/Users/graham/Documents/Dissertation/Data/blockagedetection_dataset/images/Cornwall_TamertonFoliot/blocked/2022_03_31_10_59.jpg,1,clear
/Users/graham/Documents/Dissertation/Data/blockagedetection_dataset/images/Cornwall_PorthlevenScree/clear/2022_03_24_15_59.jpg,0,blocked
/Users/graham/Documents/Dissertation/Data/blockagedetection_dataset/images/sites_pilloutfall_cam1/clear/2022_04_11_12_50.jpg,0,clear
/Users/graham/Documents/Dissertation/Data/blockagedetection_dataset/images/Cornwall_BudeCedarGrove/clear/2022_03_23_12_03.jpg,0,clear
/Users/graham/Documents/Dissertation/Data/blockagedetection_dataset/images/Cornwall_TamertonFoliot/blocked/2022_03_26_06_59.jpg,1,blocked
/Users/graham/Documents/Dissertation/Data/blockagedetection_dataset/images/Cornwall_KingsandCP/clear/2022_04_12_13_59.jpg,0,clear
/Users/graham/Documents/Dissertation/Data/blockagedetection_dataset/images/Devon_BarnstapleConeyGut_Scree/blocked/2022_03_21_08_54.jpg,1,clear
/Users/graham/Documents/Dissertation/Data/blockagedetection_dataset/images/Devon_LympstoneScree/blocked/2022_03_29_14_59.jpg,1,blocked
/Users/graham/Documents/Dissertation/Data/blockagedetection_dataset/images/Cornwall_Mevagissey_PreScree/clear/2022_05_02_11_56.jpg,0,clear
/Users/graham/Documents/Dissertation/Data/blockagedetection_dataset/images/Devon_BarnstapleConeyGut_Scree/clear/2022_04_17_10_53.jpg,0,clear
/Users/graham/Documents/Dissertation/Data/blockagedetection_dataset/images/Cornwall_BudeCedarGrove/blocked/2022_04_12_06_03.jpg,1,blocked
/Users/graham/Documents/Dissertation/Data/blockagedetection_dataset/images/Cornwall_TamertonFoliot/blocked/2022_04_22_15_59.jpg,1,blocked
/Users/graham/Documents/Dissertation/Data/blockagedetection_dataset/images/sites_corsham_cam1/clear/2022_04_14_12_00.jpg,0,clear
/Users/graham/Documents/Dissertation/Data/blockagedetection_dataset/images/Cornwall_KingsandCP/blocked/2022_05_06_09_59.jpg,1,blocked
/Users/graham/Documents/Dissertation/Data/blockagedetection_dataset/images/Cornwall_Mevagissey_PreScree/blocked/2022_03_29_15_59.jpg,1,clear
/Users/graham/Documents/Dissertation/Data/blockagedetection_dataset/images/sites_corsham_cam1/blocked/2022_04_09_18_58.jpg,1,clear
/Users/graham/Documents/Dissertation/Data/blockagedetection_dataset/images/Cornwall_Mevagissey_PreScree/clear/2022_04_08_07_56.jpg,0,clear
/Users/graham/Documents/Dissertation/Data/blockagedetection_dataset/images/Cornwall_TamertonFoliot/blocked/2022_04_12_11_59.jpg,1,blocked
/Users/graham/Documents/Dissertation/Data/blockagedetection_dataset/images/Cornwall_Portreath/blocked/2022_04_14_05_59.jpg,1,clear
/Users/graham/Documents/Dissertation/Data/blockagedetection_dataset/images/sites_corsham_cam1/blocked/2022_03_26_17_58.jpg,1,blocked
/Users/graham/Documents/Dissertation/Data/blockagedetection_dataset/images/Cornwall_Mevagissey_PreScree/clear/2022_04_01_13_56.jpg,0,clear
/Users/graham/Documents/Dissertation/Data/blockagedetection_dataset/images/Cornwall_Portreath/clear/2022_04_11_16_59.jpg,0,clear
/Users/graham/Documents/Dissertation/Data/blockagedetection_dataset/images/Cornwall_PlymptonChaddlewood_MainScree/blocked/2022_04_12_09_56.jpg,1,blocked
/Users/graham/Documents/Dissertation/Data/blockagedetection_dataset/images/Cornwall_TamertonFoliot/clear/2022_04_13_13_59.jpg,0,clear
/Users/graham/Documents/Dissertation/Data/blockagedetection_dataset/images/Cornwall_Portreath/blocked/2022_04_19_16_53.jpg,1,clear
/Users/graham/Documents/Dissertation/Data/blockagedetection_dataset/images/sites_pilloutfall_cam1/blocked/2022_04_05_07_50.jpg,1,blocked
/Users/graham/Documents/Dissertation/Data/blockagedetection_dataset/images/sites_pilloutfall_cam1/blocked/2022_04_01_09_50.jpg,1,blocked
/Users/graham/Documents/Dissertation/Data/blockagedetection_dataset/images/Devon_LympstoneScree/blocked/2022_03_27_08_59.jpg,1,blocked
/Users/graham/Documents/Dissertation/Data/blockagedetection_dataset/images/sites_sistontunnel_cam1/clear/2022_04_19_11_07.jpg,0,clear
/Users/graham/Documents/Dissertation/Data/blockagedetection_dataset/images/sites_corsham_cam1/clear/2022_04_05_17_58.jpg,0,clear
/Users/graham/Documents/Dissertation/Data/blockagedetection_dataset/images/sites_corsham_cam1/blocked/2022_04_08_13_56.jpg,1,clear
/Users/graham/Documents/Dissertation/Data/blockagedetection_dataset/images/Devon_LympstoneScree/clear/2022_04_14_14_59.jpg,0,clear
/Users/graham/Documents/Dissertation/Data/blockagedetection_dataset/images/sites_corsham_cam1/blocked/2022_03_25_14_00.jpg,1,blocked
/Users/graham/Documents/Dissertation/Data/blockagedetection_dataset/images/Devon_LympstoneScree/blocked/2022_03_21_12_59.jpg,1,blocked
/Users/graham/Documents/Dissertation/Data/blockagedetection_dataset/images/Devon_LympstoneScree/blocked/2022_03_25_15_59.jpg,1,blocked
/Users/graham/Documents/Dissertation/Data/blockagedetection_dataset/images/Cornwall_PenzanceCC/blocked/2022_04_06_08_59.jpg,1,clear
/Users/graham/Documents/Dissertation/Data/blockagedetection_dataset/images/sites_pilloutfall_cam1/clear/2022_04_08_13_50.jpg,0,clear
/Users/graham/Documents/Dissertation/Data/blockagedetection_dataset/images/Devon_LympstoneScree/clear/2022_04_13_11_59.jpg,0,clear
/Users/graham/Documents/Dissertation/Data/blockagedetection_dataset/images/sites_sistontunnel_cam1/blocked/2022_04_07_16_06.jpg,1,blocked
/Users/graham/Documents/Dissertation/Data/blockagedetection_dataset/images/Cornwall_PenzanceCC/clear/2022_04_18_10_59.jpg,0,clear
/Users/graham/Documents/Dissertation/Data/blockagedetection_dataset/images/Devon_LympstoneScree/clear/2022_04_14_16_59.jpg,0,clear
/Users/graham/Documents/Dissertation/Data/blockagedetection_dataset/images/sites_corsham_cam1/clear/2022_04_05_13_00.jpg,0,clear
/Users/graham/Documents/Dissertation/Data/blockagedetection_dataset/images/Cornwall_Mevagissey_PreScree/blocked/2022_03_28_07_57.jpg,1,clear
/Users/graham/Documents/Dissertation/Data/blockagedetection_dataset/images/sites_pilloutfall_cam1/clear/2022_04_01_13_50.jpg,0,clear
/Users/graham/Documents/Dissertation/Data/blockagedetection_dataset/images/Cornwall_BudeCedarGrove/clear/2022_03_25_12_03.jpg,0,clear
/Users/graham/Documents/Dissertation/Data/blockagedetection_dataset/images/sites_pilloutfall_cam1/clear/2022_04_12_15_50.jpg,0,clear
/Users/graham/Documents/Dissertation/Data/blockagedetection_dataset/images/Cornwall_Portreath/blocked/2022_04_19_13_59.jpg,1,clear
/Users/graham/Documents/Dissertation/Data/blockagedetection_dataset/images/Cornwall_Mevagissey_PreScree/clear/2022_05_06_10_55.jpg,0,clear
/Users/graham/Documents/Dissertation/Data/blockagedetection_dataset/images/Cornwall_Portreath/clear/2022_04_22_05_59.jpg,0,clear
/Users/graham/Documents/Dissertation/Data/blockagedetection_dataset/images/Cornwall_Mevagissey_PreScree/blocked/2022_03_25_11_56.jpg,1,blocked
/Users/graham/Documents/Dissertation/Data/blockagedetection_dataset/images/Cornwall_PorthlevenScree/blocked/2022_03_29_10_59.jpg,1,blocked
/Users/graham/Documents/Dissertation/Data/blockagedetection_dataset/images/Cornwall_Mevagissey_PreScree/blocked/2022_03_28_09_59.jpg,1,clear
/Users/graham/Documents/Dissertation/Data/blockagedetection_dataset/images/Devon_BarnstapleConeyGut_Scree/blocked/2022_05_03_07_49.jpg,1,clear
/Users/graham/Documents/Dissertation/Data/blockagedetection_dataset/images/sites_sheptonmallet_cam2/blocked/2022_04_07_12_10.jpg,1,blocked
/Users/graham/Documents/Dissertation/Data/blockagedetection_dataset/images/Cornwall_TamertonFoliot/clear/2022_04_17_12_59.jpg,0,clear
/Users/graham/Documents/Dissertation/Data/blockagedetection_dataset/images/sites_pilloutfall_cam1/blocked/2022_04_16_14_50.jpg,1,blocked
/Users/graham/Documents/Dissertation/Data/blockagedetection_dataset/images/Cornwall_PorthlevenScree/blocked/2022_04_02_11_59.jpg,1,blocked
/Users/graham/Documents/Dissertation/Data/blockagedetection_dataset/images/Cornwall_Mevagissey_PreScree/clear/2022_04_07_08_55.jpg,0,clear
/Users/graham/Documents/Dissertation/Data/blockagedetection_dataset/images/Cornwall_PorthlevenScree/clear/2022_05_02_08_59.jpg,0,clear
/Users/graham/Documents/Dissertation/Data/blockagedetection_dataset/images/Cornwall_Mevagissey_PreScree/blocked/2022_03_27_09_57.jpg,1,blocked
/Users/graham/Documents/Dissertation/Data/blockagedetection_dataset/images/Devon_BarnstapleConeyGut_Scree/clear/2022_04_03_17_51.jpg,0,clear
/Users/graham/Documents/Dissertation/Data/blockagedetection_dataset/images/Cornwall_PenzanceCC/clear/2022_04_11_18_59.jpg,0,blocked
/Users/graham/Documents/Dissertation/Data/blockagedetection_dataset/images/sites_corsham_cam1/blocked/2022_03_22_06_59.jpg,1,blocked
/Users/graham/Documents/Dissertation/Data/blockagedetection_dataset/images/Devon_BarnstapleConeyGut_Scree/clear/2022_04_12_06_56.jpg,0,clear
/Users/graham/Documents/Dissertation/Data/blockagedetection_dataset/images/Devon_LympstoneScree/blocked/2022_03_22_06_59.jpg,1,blocked
/Users/graham/Documents/Dissertation/Data/blockagedetection_dataset/images/Cornwall_WadebridgePolmorla/clear/2022_04_21_18_00.jpg,0,clear
/Users/graham/Documents/Dissertation/Data/blockagedetection_dataset/images/sites_pilloutfall_cam1/blocked/2022_04_17_17_50.jpg,1,blocked
/Users/graham/Documents/Dissertation/Data/blockagedetection_dataset/images/Cornwall_PenzanceCC/blocked/2022_04_07_17_59.jpg,1,clear
/Users/graham/Documents/Dissertation/Data/blockagedetection_dataset/images/Cornwall_Mevagissey_PreScree/clear/2022_04_04_16_00.jpg,0,clear
/Users/graham/Documents/Dissertation/Data/blockagedetection_dataset/images/Cornwall_BudeCedarGrove/clear/2022_05_05_14_03.jpg,0,clear
/Users/graham/Documents/Dissertation/Data/blockagedetection_dataset/images/Cornwall_Portreath/clear/2022_05_05_05_59.jpg,0,clear
/Users/graham/Documents/Dissertation/Data/blockagedetection_dataset/images/Devon_BarnstapleConeyGut_Scree/blocked/2022_05_04_05_28.jpg,1,clear
/Users/graham/Documents/Dissertation/Data/blockagedetection_dataset/images/Cornwall_PorthlevenScree/blocked/2022_03_21_13_59.jpg,1,blocked
/Users/graham/Documents/Dissertation/Data/blockagedetection_dataset/images/Cornwall_PlymptonChaddlewood_MainScree/blocked/2022_04_07_17_53.jpg,1,blocked
/Users/graham/Documents/Dissertation/Data/blockagedetection_dataset/images/Devon_BarnstapleConeyGut_Scree/blocked/2022_03_24_13_00.jpg,1,clear
/Users/graham/Documents/Dissertation/Data/blockagedetection_dataset/images/sites_pilloutfall_cam1/blocked/2022_04_04_15_50.jpg,1,blocked
/Users/graham/Documents/Dissertation/Data/blockagedetection_dataset/images/sites_sistontunnel_cam1/blocked/2022_04_06_15_05.jpg,1,blocked
/Users/graham/Documents/Dissertation/Data/blockagedetection_dataset/images/Cornwall_Mevagissey_PreScree/clear/2022_04_07_14_58.jpg,0,clear
/Users/graham/Documents/Dissertation/Data/blockagedetection_dataset/images/Cornwall_PorthlevenScree/blocked/2022_03_28_10_59.jpg,1,blocked
/Users/graham/Documents/Dissertation/Data/blockagedetection_dataset/images/sites_pilloutfall_cam1/blocked/2022_03_31_10_50.jpg,1,blocked
/Users/graham/Documents/Dissertation/Data/blockagedetection_dataset/images/Devon_BarnstapleConeyGut_Scree/clear/2022_04_22_08_49.jpg,0,clear
/Users/graham/Documents/Dissertation/Data/blockagedetection_dataset/images/sites_sheptonmallet_cam2/clear/2022_03_24_13_30.jpg,0,clear
/Users/graham/Documents/Dissertation/Data/blockagedetection_dataset/images/Cornwall_PorthlevenScree/clear/2022_05_06_10_59.jpg,0,blocked
/Users/graham/Documents/Dissertation/Data/blockagedetection_dataset/images/Cornwall_Mevagissey_PreScree/clear/2022_04_14_17_58.jpg,0,clear
/Users/graham/Documents/Dissertation/Data/blockagedetection_dataset/images/sites_corsham_cam1/blocked/2022_03_29_15_58.jpg,1,blocked
/Users/graham/Documents/Dissertation/Data/blockagedetection_dataset/images/sites_ashtoncollitersbrooksplitter_cam2/clear/2022_04_06_14_00.jpg,0,clear
/Users/graham/Documents/Dissertation/Data/blockagedetection_dataset/images/sites_corsham_cam1/clear/2022_04_14_14_54.jpg,0,clear
/Users/graham/Documents/Dissertation/Data/blockagedetection_dataset/images/Cornwall_TamertonFoliot/blocked/2022_03_27_13_59.jpg,1,blocked
/Users/graham/Documents/Dissertation/Data/blockagedetection_dataset/images/sites_corsham_cam1/blocked/2022_03_28_08_05.jpg,1,blocked
/Users/graham/Documents/Dissertation/Data/blockagedetection_dataset/images/Devon_BarnstapleConeyGut_Scree/blocked/2022_03_22_16_09.jpg,1,clear
/Users/graham/Documents/Dissertation/Data/blockagedetection_dataset/images/sites_corsham_cam1/blocked/2022_03_20_13_00.jpg,1,blocked
/Users/graham/Documents/Dissertation/Data/blockagedetection_dataset/images/Devon_BarnstapleConeyGut_Scree/blocked/2022_03_21_14_57.jpg,1,clear
/Users/graham/Documents/Dissertation/Data/blockagedetection_dataset/images/Cornwall_KingsandCP/clear/2022_04_13_13_59.jpg,0,clear
/Users/graham/Documents/Dissertation/Data/blockagedetection_dataset/images/sites_pilloutfall_cam1/blocked/2022_04_15_08_50.jpg,1,blocked
/Users/graham/Documents/Dissertation/Data/blockagedetection_dataset/images/Cornwall_PorthlevenScree/clear/2022_03_25_06_59.jpg,0,blocked
/Users/graham/Documents/Dissertation/Data/blockagedetection_dataset/images/Devon_BarnstapleConeyGut_Scree/clear/2022_04_24_10_10.jpg,0,clear
/Users/graham/Documents/Dissertation/Data/blockagedetection_dataset/images/sites_corsham_cam1/blocked/2022_03_20_15_54.jpg,1,blocked
/Users/graham/Documents/Dissertation/Data/blockagedetection_dataset/images/sites_pilloutfall_cam1/blocked/2022_04_17_14_50.jpg,1,blocked
/Users/graham/Documents/Dissertation/Data/blockagedetection_dataset/images/Devon_BarnstapleConeyGut_Scree/clear/2022_04_25_08_22.jpg,0,clear
/Users/graham/Documents/Dissertation/Data/blockagedetection_dataset/images/Cornwall_TamertonFoliot/clear/2022_04_13_06_59.jpg,0,clear
/Users/graham/Documents/Dissertation/Data/blockagedetection_dataset/images/Cornwall_PorthlevenScree/blocked/2022_04_04_07_59.jpg,1,blocked
/Users/graham/Documents/Dissertation/Data/blockagedetection_dataset/images/sites_pilloutfall_cam1/blocked/2022_04_18_08_50.jpg,1,blocked
/Users/graham/Documents/Dissertation/Data/blockagedetection_dataset/images/Cornwall_Crinnis/clear/2022_04_21_14_11.jpg,0,clear
/Users/graham/Documents/Dissertation/Data/blockagedetection_dataset/images/sites_corsham_cam1/blocked/2022_04_10_13_00.jpg,1,clear
/Users/graham/Documents/Dissertation/Data/blockagedetection_dataset/images/sites_pilloutfall_cam1/clear/2022_04_08_09_50.jpg,0,clear
/Users/graham/Documents/Dissertation/Data/blockagedetection_dataset/images/Cornwall_PorthlevenScree/clear/2022_05_05_12_59.jpg,0,blocked
/Users/graham/Documents/Dissertation/Data/blockagedetection_dataset/images/Cornwall_Crinnis/blocked/2022_04_13_11_11.jpg,1,blocked
/Users/graham/Documents/Dissertation/Data/blockagedetection_dataset/images/Cornwall_Mevagissey_PreScree/blocked/2022_03_20_11_57.jpg,1,clear
/Users/graham/Documents/Dissertation/Data/blockagedetection_dataset/images/sites_pilloutfall_cam1/clear/2022_04_13_09_50.jpg,0,clear
/Users/graham/Documents/Dissertation/Data/blockagedetection_dataset/images/Devon_BarnstapleConeyGut_Scree/clear/2022_04_08_05_41.jpg,0,clear
/Users/graham/Documents/Dissertation/Data/blockagedetection_dataset/images/Cornwall_Portreath/clear/2022_04_03_12_59.jpg,0,blocked
/Users/graham/Documents/Dissertation/Data/blockagedetection_dataset/images/Cornwall_Portreath/clear/2022_04_08_13_59.jpg,0,clear
/Users/graham/Documents/Dissertation/Data/blockagedetection_dataset/images/sites_corsham_cam1/blocked/2022_04_12_08_00.jpg,1,clear
/Users/graham/Documents/Dissertation/Data/blockagedetection_dataset/images/sites_corsham_cam1/blocked/2022_04_11_08_58.jpg,1,clear
/Users/graham/Documents/Dissertation/Data/blockagedetection_dataset/images/sites_pilloutfall_cam1/clear/2022_04_08_10_50.jpg,0,clear
/Users/graham/Documents/Dissertation/Data/blockagedetection_dataset/images/Cornwall_Portreath/clear/2022_04_07_11_00.jpg,0,clear
/Users/graham/Documents/Dissertation/Data/blockagedetection_dataset/images/Devon_BarnstapleConeyGut_Scree/blocked/2022_05_02_08_39.jpg,1,clear
/Users/graham/Documents/Dissertation/Data/blockagedetection_dataset/images/Cornwall_PlymptonChaddlewood_MainScree/blocked/2022_04_12_12_52.jpg,1,blocked
/Users/graham/Documents/Dissertation/Data/blockagedetection_dataset/images/Cornwall_Portreath/clear/2022_04_10_05_59.jpg,0,clear
/Users/graham/Documents/Dissertation/Data/blockagedetection_dataset/images/Cornwall_PorthlevenScree/blocked/2022_03_22_12_59.jpg,1,blocked
/Users/graham/Documents/Dissertation/Data/blockagedetection_dataset/images/Devon_BarnstapleConeyGut_Scree/blocked/2022_03_22_09_36.jpg,1,clear
/Users/graham/Documents/Dissertation/Data/blockagedetection_dataset/images/Cornwall_Crinnis/blocked/2022_04_12_12_11.jpg,1,blocked
/Users/graham/Documents/Dissertation/Data/blockagedetection_dataset/images/Cornwall_PorthlevenScree/clear/2022_04_22_09_59.jpg,0,blocked
/Users/graham/Documents/Dissertation/Data/blockagedetection_dataset/images/Cornwall_Mevagissey_PreScree/clear/2022_04_07_18_58.jpg,0,clear
/Users/graham/Documents/Dissertation/Data/blockagedetection_dataset/images/sites_pilloutfall_cam1/blocked/2022_03_22_14_50.jpg,1,clear
/Users/graham/Documents/Dissertation/Data/blockagedetection_dataset/images/Devon_BarnstapleConeyGut_Scree/blocked/2022_03_22_18_40.jpg,1,clear
/Users/graham/Documents/Dissertation/Data/blockagedetection_dataset/images/sites_corsham_cam1/clear/2022_04_03_13_58.jpg,0,clear
/Users/graham/Documents/Dissertation/Data/blockagedetection_dataset/images/sites_pilloutfall_cam1/clear/2022_04_11_16_50.jpg,0,clear
/Users/graham/Documents/Dissertation/Data/blockagedetection_dataset/images/Cornwall_Mevagissey_PreScree/clear/2022_04_05_15_00.jpg,0,clear
/Users/graham/Documents/Dissertation/Data/blockagedetection_dataset/images/Cornwall_Crinnis/blocked/2022_04_13_18_11.jpg,1,blocked
/Users/graham/Documents/Dissertation/Data/blockagedetection_dataset/images/sites_pilloutfall_cam1/blocked/2022_03_21_10_50.jpg,1,blocked
/Users/graham/Documents/Dissertation/Data/blockagedetection_dataset/images/sites_corsham_cam1/clear/2022_04_15_18_58.jpg,0,clear
/Users/graham/Documents/Dissertation/Data/blockagedetection_dataset/images/Devon_BarnstapleConeyGut_Scree/blocked/2022_05_03_15_53.jpg,1,clear
/Users/graham/Documents/Dissertation/Data/blockagedetection_dataset/images/Cornwall_Portreath/clear/2022_05_06_09_59.jpg,0,clear
/Users/graham/Documents/Dissertation/Data/blockagedetection_dataset/images/Cornwall_Mevagissey_PreScree/clear/2022_04_01_14_58.jpg,0,clear
/Users/graham/Documents/Dissertation/Data/blockagedetection_dataset/images/sites_sheptonmallet_cam2/blocked/2022_04_08_10_50.jpg,1,blocked
/Users/graham/Documents/Dissertation/Data/blockagedetection_dataset/images/sites_pilloutfall_cam1/clear/2022_04_10_05_50.jpg,0,clear
/Users/graham/Documents/Dissertation/Data/blockagedetection_dataset/images/Cornwall_Mevagissey_PreScree/clear/2022_04_04_12_55.jpg,0,clear
/Users/graham/Documents/Dissertation/Data/blockagedetection_dataset/images/sites_ashtoncollitersbrooksplitter_cam2/blocked/2022_03_29_09_00.jpg,1,blocked
/Users/graham/Documents/Dissertation/Data/blockagedetection_dataset/images/sites_corsham_cam1/clear/2022_04_13_07_59.jpg,0,clear
/Users/graham/Documents/Dissertation/Data/blockagedetection_dataset/images/Cornwall_BudeCedarGrove/clear/2022_03_27_08_03.jpg,0,clear
/Users/graham/Documents/Dissertation/Data/blockagedetection_dataset/images/Devon_BarnstapleConeyGut_Scree/clear/2022_04_19_09_46.jpg,0,clear
/Users/graham/Documents/Dissertation/Data/blockagedetection_dataset/images/sites_corsham_cam1/clear/2022_04_04_15_58.jpg,0,clear
/Users/graham/Documents/Dissertation/Data/blockagedetection_dataset/images/Cornwall_Portreath/blocked/2022_04_05_06_59.jpg,1,clear
/Users/graham/Documents/Dissertation/Data/blockagedetection_dataset/images/Devon_LympstoneScree/clear/2022_04_12_06_59.jpg,0,clear
/Users/graham/Documents/Dissertation/Data/blockagedetection_dataset/images/Cornwall_KingsandCP/clear/2022_04_12_06_59.jpg,0,clear
/Users/graham/Documents/Dissertation/Data/blockagedetection_dataset/images/sites_corsham_cam1/clear/2022_04_01_13_00.jpg,0,clear
/Users/graham/Documents/Dissertation/Data/blockagedetection_dataset/images/Cornwall_PenzanceCC/blocked/2022_04_07_07_59.jpg,1,blocked
/Users/graham/Documents/Dissertation/Data/blockagedetection_dataset/images/sites_sheptonmallet_cam2/blocked/2022_04_08_08_30.jpg,1,blocked
/Users/graham/Documents/Dissertation/Data/blockagedetection_dataset/images/Cornwall_PorthlevenScree/blocked/2022_03_27_09_59.jpg,1,blocked
/Users/graham/Documents/Dissertation/Data/blockagedetection_dataset/images/Cornwall_Portreath/clear/2022_05_09_06_59.jpg,0,clear
/Users/graham/Documents/Dissertation/Data/blockagedetection_dataset/images/sites_corsham_cam1/clear/2022_04_14_14_00.jpg,0,clear
/Users/graham/Documents/Dissertation/Data/blockagedetection_dataset/images/sites_corsham_cam1/blocked/2022_03_23_14_00.jpg,1,blocked
/Users/graham/Documents/Dissertation/Data/blockagedetection_dataset/images/Cornwall_PlymptonChaddlewood_MainScree/clear/2022_04_19_15_56.jpg,0,clear
/Users/graham/Documents/Dissertation/Data/blockagedetection_dataset/images/Cornwall_Mevagissey_PreScree/blocked/2022_03_28_10_55.jpg,1,clear
/Users/graham/Documents/Dissertation/Data/blockagedetection_dataset/images/sites_pilloutfall_cam1/clear/2022_04_10_14_50.jpg,0,clear
/Users/graham/Documents/Dissertation/Data/blockagedetection_dataset/images/sites_pilloutfall_cam1/blocked/2022_04_17_15_50.jpg,1,blocked
/Users/graham/Documents/Dissertation/Data/blockagedetection_dataset/images/sites_ashtoncollitersbrooksplitter_cam2/clear/2022_04_04_11_00.jpg,0,clear
/Users/graham/Documents/Dissertation/Data/blockagedetection_dataset/images/Devon_BarnstapleConeyGut_Scree/clear/2022_04_06_14_54.jpg,0,clear
/Users/graham/Documents/Dissertation/Data/blockagedetection_dataset/images/sites_pilloutfall_cam1/blocked/2022_04_15_12_50.jpg,1,blocked
/Users/graham/Documents/Dissertation/Data/blockagedetection_dataset/images/sites_corsham_cam1/clear/2022_04_04_17_58.jpg,0,clear
/Users/graham/Documents/Dissertation/Data/blockagedetection_dataset/images/Devon_LympstoneScree/clear/2022_04_12_07_59.jpg,0,clear
/Users/graham/Documents/Dissertation/Data/blockagedetection_dataset/images/Devon_BarnstapleConeyGut_Scree/clear/2022_03_31_18_50.jpg,0,clear
/Users/graham/Documents/Dissertation/Data/blockagedetection_dataset/images/Cornwall_Portreath/blocked/2022_04_17_18_59.jpg,1,clear
/Users/graham/Documents/Dissertation/Data/blockagedetection_dataset/images/Cornwall_Portreath/blocked/2022_04_17_11_59.jpg,1,clear
/Users/graham/Documents/Dissertation/Data/blockagedetection_dataset/images/Cornwall_PenzanceCC/clear/2022_04_02_08_59.jpg,0,clear
/Users/graham/Documents/Dissertation/Data/blockagedetection_dataset/images/Cornwall_Mevagissey_PreScree/blocked/2022_03_26_13_55.jpg,1,clear
/Users/graham/Documents/Dissertation/Data/blockagedetection_dataset/images/Cornwall_Crinnis/clear/2022_04_08_10_10.jpg,0,clear
/Users/graham/Documents/Dissertation/Data/blockagedetection_dataset/images/sites_pilloutfall_cam1/blocked/2022_04_16_06_50.jpg,1,blocked
/Users/graham/Documents/Dissertation/Data/blockagedetection_dataset/images/Cornwall_Portreath/clear/2022_05_05_09_59.jpg,0,clear
/Users/graham/Documents/Dissertation/Data/blockagedetection_dataset/images/sites_pilloutfall_cam1/blocked/2022_03_21_11_20.jpg,1,blocked
/Users/graham/Documents/Dissertation/Data/blockagedetection_dataset/images/Cornwall_TamertonFoliot/clear/2022_04_08_09_59.jpg,0,clear
/Users/graham/Documents/Dissertation/Data/blockagedetection_dataset/images/Cornwall_KingsandCP/blocked/2022_05_06_16_59.jpg,1,blocked
/Users/graham/Documents/Dissertation/Data/blockagedetection_dataset/images/sites_corsham_cam1/clear/2022_04_17_17_58.jpg,0,clear
/Users/graham/Documents/Dissertation/Data/blockagedetection_dataset/images/Cornwall_KingsandCP/clear/2022_04_13_10_59.jpg,0,clear
/Users/graham/Documents/Dissertation/Data/blockagedetection_dataset/images/Cornwall_Portreath/clear/2022_04_22_07_59.jpg,0,clear
/Users/graham/Documents/Dissertation/Data/blockagedetection_dataset/images/sites_ashtoncollitersbrooksplitter_cam2/blocked/2022_03_21_09_00.jpg,1,blocked
/Users/graham/Documents/Dissertation/Data/blockagedetection_dataset/images/Cornwall_Mevagissey_PreScree/clear/2022_04_08_05_58.jpg,0,blocked
/Users/graham/Documents/Dissertation/Data/blockagedetection_dataset/images/Cornwall_PorthlevenScree/clear/2022_04_22_06_59.jpg,0,blocked
/Users/graham/Documents/Dissertation/Data/blockagedetection_dataset/images/Cornwall_Portreath/clear/2022_04_22_17_59.jpg,0,clear
/Users/graham/Documents/Dissertation/Data/blockagedetection_dataset/images/Cornwall_Mevagissey_PreScree/clear/2022_05_03_04_58.jpg,0,clear
/Users/graham/Documents/Dissertation/Data/blockagedetection_dataset/images/Cornwall_Portreath/blocked/2022_04_04_11_59.jpg,1,clear
